round,true,pred,count
1,0,0,5340
1,0,1,16
1,0,2,68
1,0,3,0
1,0,4,0
1,1,0,731
1,1,1,524
1,1,2,265
1,1,3,0
1,1,4,0
1,2,0,577
1,2,1,44
1,2,2,855
1,2,3,0
1,2,4,0
1,3,0,235
1,3,1,4
1,3,2,85
1,3,3,0
1,3,4,0
1,4,0,478
1,4,1,179
1,4,2,45
1,4,3,0
1,4,4,330
2,0,0,5152
2,0,1,65
2,0,2,124
2,0,3,24
2,0,4,59
2,1,0,421
2,1,1,848
2,1,2,192
2,1,3,4
2,1,4,55
2,2,0,321
2,2,1,88
2,2,2,1042
2,2,3,5
2,2,4,20
2,3,0,190
2,3,1,10
2,3,2,84
2,3,3,28
2,3,4,12
2,4,0,234
2,4,1,56
2,4,2,26
2,4,3,4
2,4,4,712
3,0,0,4996
3,0,1,81
3,0,2,242
3,0,3,69
3,0,4,36
3,1,0,383
3,1,1,880
3,1,2,236
3,1,3,5
3,1,4,16
3,2,0,249
3,2,1,79
3,2,2,1140
3,2,3,4
3,2,4,4
3,3,0,180
3,3,1,7
3,3,2,73
3,3,3,64
3,3,4,0
3,4,0,219
3,4,1,94
3,4,2,32
3,4,3,16
3,4,4,671
4,0,0,5151
4,0,1,119
4,0,2,114
4,0,3,18
4,0,4,22
4,1,0,378
4,1,1,993
4,1,2,137
4,1,3,4
4,1,4,8
4,2,0,333
4,2,1,111
4,2,2,1014
4,2,3,10
4,2,4,8
4,3,0,222
4,3,1,20
4,3,2,40
4,3,3,42
4,3,4,0
4,4,0,273
4,4,1,68
4,4,2,20
4,4,3,4
4,4,4,667
5,0,0,5018
5,0,1,62
5,0,2,232
5,0,3,89
5,0,4,23
5,1,0,388
5,1,1,879
5,1,2,225
5,1,3,16
5,1,4,12
5,2,0,226
5,2,1,45
5,2,2,1186
5,2,3,18
5,2,4,1
5,3,0,144
5,3,1,0
5,3,2,52
5,3,3,128
5,3,4,0
5,4,0,237
5,4,1,48
5,4,2,36
5,4,3,22
5,4,4,689
6,0,0,5186
6,0,1,30
6,0,2,72
6,0,3,79
6,0,4,57
6,1,0,488
6,1,1,736
6,1,2,207
6,1,3,19
6,1,4,70
6,2,0,441
6,2,1,28
6,2,2,960
6,2,3,16
6,2,4,31
6,3,0,184
6,3,1,0
6,3,2,30
6,3,3,102
6,3,4,8
6,4,0,203
6,4,1,32
6,4,2,12
6,4,3,16
6,4,4,769
7,0,0,5090
7,0,1,76
7,0,2,143
7,0,3,91
7,0,4,24
7,1,0,374
7,1,1,933
7,1,2,189
7,1,3,8
7,1,4,16
7,2,0,295
7,2,1,49
7,2,2,1104
7,2,3,20
7,2,4,8
7,3,0,144
7,3,1,16
7,3,2,56
7,3,3,108
7,3,4,0
7,4,0,226
7,4,1,56
7,4,2,38
7,4,3,12
7,4,4,700
8,0,0,5272
8,0,1,12
8,0,2,80
8,0,3,23
8,0,4,37
8,1,0,551
8,1,1,696
8,1,2,213
8,1,3,4
8,1,4,56
8,2,0,428
8,2,1,17
8,2,2,1011
8,2,3,8
8,2,4,12
8,3,0,234
8,3,1,4
8,3,2,34
8,3,3,36
8,3,4,16
8,4,0,246
8,4,1,20
8,4,2,15
8,4,3,0
8,4,4,751
9,0,0,4969
9,0,1,103
9,0,2,96
9,0,3,56
9,0,4,200
9,1,0,338
9,1,1,988
9,1,2,117
9,1,3,12
9,1,4,65
9,2,0,351
9,2,1,76
9,2,2,1004
9,2,3,8
9,2,4,37
9,3,0,179
9,3,1,12
9,3,2,43
9,3,3,70
9,3,4,20
9,4,0,126
9,4,1,50
9,4,2,16
9,4,3,4
9,4,4,836
10,0,0,4759
10,0,1,318
10,0,2,220
10,0,3,44
10,0,4,83
10,1,0,170
10,1,1,1180
10,1,2,138
10,1,3,4
10,1,4,28
10,2,0,197
10,2,1,155
10,2,2,1102
10,2,3,6
10,2,4,16
10,3,0,154
10,3,1,38
10,3,2,74
10,3,3,48
10,3,4,10
10,4,0,160
10,4,1,75
10,4,2,21
10,4,3,3
10,4,4,773
11,0,0,5274
11,0,1,28
11,0,2,48
11,0,3,38
11,0,4,36
11,1,0,480
11,1,1,812
11,1,2,170
11,1,3,8
11,1,4,50
11,2,0,556
11,2,1,27
11,2,2,869
11,2,3,11
11,2,4,13
11,3,0,223
11,3,1,12
11,3,2,28
11,3,3,53
11,3,4,8
11,4,0,271
11,4,1,29
11,4,2,8
11,4,3,0
11,4,4,724
12,0,0,5252
12,0,1,40
12,0,2,61
12,0,3,43
12,0,4,28
12,1,0,496
12,1,1,820
12,1,2,165
12,1,3,4
12,1,4,35
12,2,0,498
12,2,1,20
12,2,2,941
12,2,3,13
12,2,4,4
12,3,0,218
12,3,1,8
12,3,2,26
12,3,3,72
12,3,4,0
12,4,0,272
12,4,1,41
12,4,2,16
12,4,3,0
12,4,4,703
13,0,0,4992
13,0,1,172
13,0,2,138
13,0,3,61
13,0,4,61
13,1,0,281
13,1,1,1024
13,1,2,185
13,1,3,4
13,1,4,26
13,2,0,338
13,2,1,60
13,2,2,1062
13,2,3,8
13,2,4,8
13,3,0,191
13,3,1,20
13,3,2,42
13,3,3,67
13,3,4,4
13,4,0,191
13,4,1,64
13,4,2,16
13,4,3,3
13,4,4,758
14,0,0,4792
14,0,1,95
14,0,2,335
14,0,3,117
14,0,4,85
14,1,0,301
14,1,1,840
14,1,2,336
14,1,3,3
14,1,4,40
14,2,0,179
14,2,1,20
14,2,2,1259
14,2,3,14
14,2,4,4
14,3,0,115
14,3,1,11
14,3,2,77
14,3,3,108
14,3,4,13
14,4,0,160
14,4,1,34
14,4,2,56
14,4,3,12
14,4,4,770
15,0,0,5099
15,0,1,53
15,0,2,136
15,0,3,84
15,0,4,52
15,1,0,418
15,1,1,816
15,1,2,224
15,1,3,17
15,1,4,45
15,2,0,371
15,2,1,28
15,2,2,1045
15,2,3,24
15,2,4,8
15,3,0,168
15,3,1,0
15,3,2,40
15,3,3,108
15,3,4,8
15,4,0,251
15,4,1,28
15,4,2,28
15,4,3,8
15,4,4,717
1,0,0,5221
1,0,1,125
1,0,2,64
1,0,3,0
1,0,4,14
1,1,0,482
1,1,1,907
1,1,2,118
1,1,3,0
1,1,4,13
1,2,0,453
1,2,1,328
1,2,2,691
1,2,3,0
1,2,4,4
1,3,0,253
1,3,1,24
1,3,2,47
1,3,3,0
1,3,4,0
1,4,0,357
1,4,1,185
1,4,2,9
1,4,3,0
1,4,4,481
2,0,0,5175
2,0,1,64
2,0,2,138
2,0,3,19
2,0,4,28
2,1,0,395
2,1,1,898
2,1,2,192
2,1,3,4
2,1,4,31
2,2,0,315
2,2,1,136
2,2,2,1013
2,2,3,4
2,2,4,8
2,3,0,215
2,3,1,2
2,3,2,69
2,3,3,35
2,3,4,3
2,4,0,280
2,4,1,103
2,4,2,12
2,4,3,4
2,4,4,633
3,0,0,5132
3,0,1,102
3,0,2,95
3,0,3,52
3,0,4,43
3,1,0,370
3,1,1,946
3,1,2,159
3,1,3,5
3,1,4,40
3,2,0,336
3,2,1,133
3,2,2,983
3,2,3,14
3,2,4,10
3,3,0,182
3,3,1,4
3,3,2,52
3,3,3,82
3,3,4,4
3,4,0,234
3,4,1,86
3,4,2,14
3,4,3,10
3,4,4,688
4,0,0,5216
4,0,1,32
4,0,2,58
4,0,3,74
4,0,4,44
4,1,0,513
4,1,1,806
4,1,2,132
4,1,3,25
4,1,4,44
4,2,0,470
4,2,1,67
4,2,2,891
4,2,3,28
4,2,4,20
4,3,0,158
4,3,1,0
4,3,2,24
4,3,3,126
4,3,4,16
4,4,0,234
4,4,1,52
4,4,2,20
4,4,3,12
4,4,4,714
5,0,0,5088
5,0,1,230
5,0,2,71
5,0,3,16
5,0,4,19
5,1,0,305
5,1,1,1118
5,1,2,88
5,1,3,4
5,1,4,5
5,2,0,355
5,2,1,242
5,2,2,867
5,2,3,4
5,2,4,8
5,3,0,211
5,3,1,16
5,3,2,56
5,3,3,37
5,3,4,4
5,4,0,254
5,4,1,117
5,4,2,12
5,4,3,0
5,4,4,649
6,0,0,5161
6,0,1,106
6,0,2,93
6,0,3,44
6,0,4,20
6,1,0,362
6,1,1,960
6,1,2,186
6,1,3,4
6,1,4,8
6,2,0,377
6,2,1,65
6,2,2,1017
6,2,3,9
6,2,4,8
6,3,0,186
6,3,1,17
6,3,2,59
6,3,3,58
6,3,4,4
6,4,0,284
6,4,1,72
6,4,2,23
6,4,3,1
6,4,4,652
7,0,0,5118
7,0,1,17
7,0,2,208
7,0,3,28
7,0,4,53
7,1,0,443
7,1,1,643
7,1,2,374
7,1,3,8
7,1,4,52
7,2,0,286
7,2,1,3
7,2,2,1183
7,2,3,4
7,2,4,0
7,3,0,180
7,3,1,0
7,3,2,88
7,3,3,44
7,3,4,12
7,4,0,232
7,4,1,30
7,4,2,36
7,4,3,1
7,4,4,733
8,0,0,4776
8,0,1,245
8,0,2,227
8,0,3,43
8,0,4,133
8,1,0,217
8,1,1,1121
8,1,2,134
8,1,3,4
8,1,4,44
8,2,0,203
8,2,1,137
8,2,2,1107
8,2,3,5
8,2,4,24
8,3,0,149
8,3,1,22
8,3,2,78
8,3,3,50
8,3,4,25
8,4,0,141
8,4,1,72
8,4,2,24
8,4,3,0
8,4,4,795
9,0,0,5184
9,0,1,66
9,0,2,87
9,0,3,66
9,0,4,21
9,1,0,391
9,1,1,973
9,1,2,144
9,1,3,12
9,1,4,0
9,2,0,389
9,2,1,69
9,2,2,1000
9,2,3,18
9,2,4,0
9,3,0,166
9,3,1,20
9,3,2,33
9,3,3,105
9,3,4,0
9,4,0,254
9,4,1,136
9,4,2,28
9,4,3,11
9,4,4,603
10,0,0,5206
10,0,1,58
10,0,2,99
10,0,3,2
10,0,4,59
10,1,0,381
10,1,1,943
10,1,2,176
10,1,3,0
10,1,4,20
10,2,0,395
10,2,1,54
10,2,2,1011
10,2,3,0
10,2,4,16
10,3,0,226
10,3,1,0
10,3,2,50
10,3,3,32
10,3,4,16
10,4,0,224
10,4,1,52
10,4,2,10
10,4,3,0
10,4,4,746
11,0,0,5190
11,0,1,158
11,0,2,52
11,0,3,16
11,0,4,8
11,1,0,350
11,1,1,1064
11,1,2,104
11,1,3,2
11,1,4,0
11,2,0,445
11,2,1,144
11,2,2,883
11,2,3,4
11,2,4,0
11,3,0,228
11,3,1,20
11,3,2,39
11,3,3,37
11,3,4,0
11,4,0,340
11,4,1,108
11,4,2,16
11,4,3,0
11,4,4,568
12,0,0,5173
12,0,1,82
12,0,2,75
12,0,3,54
12,0,4,40
12,1,0,373
12,1,1,983
12,1,2,147
12,1,3,9
12,1,4,8
12,2,0,413
12,2,1,62
12,2,2,976
12,2,3,17
12,2,4,8
12,3,0,187
12,3,1,20
12,3,2,32
12,3,3,85
12,3,4,0
12,4,0,238
12,4,1,74
12,4,2,12
12,4,3,4
12,4,4,704
13,0,0,4985
13,0,1,127
13,0,2,245
13,0,3,42
13,0,4,25
13,1,0,316
13,1,1,960
13,1,2,235
13,1,3,5
13,1,4,4
13,2,0,222
13,2,1,53
13,2,2,1193
13,2,3,8
13,2,4,0
13,3,0,179
13,3,1,12
13,3,2,70
13,3,3,63
13,3,4,0
13,4,0,257
13,4,1,61
13,4,2,51
13,4,3,4
13,4,4,659
14,0,0,5076
14,0,1,211
14,0,2,84
14,0,3,37
14,0,4,16
14,1,0,275
14,1,1,1091
14,1,2,141
14,1,3,9
14,1,4,4
14,2,0,381
14,2,1,118
14,2,2,963
14,2,3,8
14,2,4,6
14,3,0,208
14,3,1,24
14,3,2,39
14,3,3,49
14,3,4,4
14,4,0,267
14,4,1,105
14,4,2,11
14,4,3,3
14,4,4,646
15,0,0,4982
15,0,1,117
15,0,2,199
15,0,3,73
15,0,4,53
15,1,0,311
15,1,1,988
15,1,2,200
15,1,3,12
15,1,4,9
15,2,0,276
15,2,1,62
15,2,2,1115
15,2,3,14
15,2,4,9
15,3,0,145
15,3,1,20
15,3,2,75
15,3,3,76
15,3,4,8
15,4,0,205
15,4,1,92
15,4,2,21
15,4,3,12
15,4,4,702
